"タイムスタンプ","","ひらがな","変換後","品詞","日本語"
"2009/12/29 9:50:52 午後 GMT","","さんぷる","sample","","サンプル"
"2010/01/06 5:47:05 午前 GMT","","ぐっち","GUCCI","","グッチ"
"2011/01/25 4:02:50 午前 GMT","","けーぶ","cave","","ほら穴，洞窟(どうくつ); 鍾乳洞"
"2012/06/24 7:09:45 午後 GMT","","つるばだ","ツルバダ","","エムトリシタビンとフマル酸テノホビルジソプロキシルの配合剤"
"2012/06/24 7:11:45 午後 GMT","","ゆーえぬえいず","UNAIDS","","国際連合エイズ合同計画（Joint United Nations Programme on HIV and AIDS）"
"2014/08/06 5:44:11 午後 GMT","","すけーる","・・・・５・・・１０・・・１５・・・２０・・・２５・・・３０・・・３５・・・４０・・・４５","","メール送信用すけーる"